,ABEV3.SA,B3SA3.SA,BBDC4.SA,ITUB4.SA,MRFG3.SA,PETR4.SA,SUZB3.SA,VALE3.SA,VIVT3.SA,WEGE3.SA,^BVSP
2022-09-22,14.885677337646484,12.929718017578125,19.184194564819336,27.244150161743164,10.13390827178955,22.486526489257812,42.62857437133789,66.28324890136719,39.781761169433594,30.539291381835938,114070.0
2022-09-23,14.600692749023438,12.961542129516602,18.809871673583984,26.706247329711914,9.948208808898926,21.078479766845703,41.055458068847656,64.91064453125,39.49929428100586,30.105968475341797,111716.0
2022-09-26,14.505698204040527,12.458181381225586,18.472976684570312,26.130598068237305,9.585651397705078,20.62086296081543,40.978248596191406,65.0526351928711,38.7083625793457,30.149478912353516,109114.0
2022-09-27,14.66718864440918,12.342021942138672,18.36067771911621,25.9796085357666,9.346894264221191,20.888391494750977,41.81789016723633,64.0870590209961,38.09632873535156,29.636634826660156,108376.0
2022-09-28,14.933174133300781,12.438821792602539,18.370040893554688,25.970172882080078,9.063923835754395,20.606782913208008,41.981956481933594,64.69290924072266,38.3693962097168,29.902917861938477,108451.0
2022-09-29,14.828680038452148,12.196821212768555,18.51041030883789,26.35708999633789,8.798637390136719,20.634944915771484,41.721378326416016,64.77811431884766,38.01158905029297,29.72539710998535,107664.0
2022-09-30,14.762184143066406,12.63242244720459,18.566558837890625,26.47976303100586,8.72789478302002,20.979915618896484,42.947059631347656,68.1954574584961,38.12458801269531,31.697885513305664,110037.0
2022-10-03,15.484143257141113,13.435861587524414,19.848623275756836,28.092256546020508,8.887066841125488,22.655494689941406,43.82530212402344,70.05085754394531,39.54636764526367,33.118080139160156,116134.0
2022-10-04,15.427146911621094,14.01666259765625,19.83829689025879,28.13947296142578,8.887066841125488,22.085233688354492,44.17273712158203,71.7453384399414,38.73661422729492,32.782752990722656,116230.0
2022-10-05,15.313154220581055,14.258663177490234,20.053728103637695,28.13947296142578,8.869379997253418,22.915983200073242,45.30190658569336,72.85289001464844,37.747947692871094,33.20683288574219,117198.0
2022-10-06,15.34165096282959,14.355464935302734,19.641599655151367,27.629562377929688,9.214251518249512,23.69744873046875,45.12818908691406,71.21522521972656,37.26774597167969,33.26601028442383,117561.0
2022-10-07,14.64819049835205,14.326423645019531,19.17327308654785,27.686220169067383,9.258466720581055,23.676328659057617,44.77110290527344,71.48027801513672,37.68204116821289,32.891239166259766,116375.0
2022-10-10,14.439201354980469,14.365143775939941,18.88291358947754,27.39349365234375,9.3822660446167,23.40880012512207,46.566192626953125,70.04138946533203,37.860939025878906,33.798583984375,115941.0
2022-10-11,14.239712715148926,13.890824317932129,18.836078643798828,27.204639434814453,9.170037269592285,23.2327938079834,45.967830657958984,69.56806945800781,37.6726188659668,33.433677673339844,114827.0
2022-10-13,14.258711814880371,13.455221176147461,18.564449310302734,27.044109344482422,9.338051795959473,23.894575119018555,46.12224578857422,68.32798767089844,37.55021667480469,33.00959014892578,114300.0
2022-10-14,14.08772087097168,13.44554328918457,18.442686080932617,27.053550720214844,9.046236991882324,23.52848243713379,46.12224578857422,66.10340118408203,37.08884048461914,32.407981872558594,112072.0
2022-10-17,14.173216819763184,13.697223663330078,18.573816299438477,27.270732879638672,9.391108512878418,23.507362365722656,47.705013275146484,67.14469146728516,36.87228012084961,33.147666931152344,113624.0
2022-10-18,14.154216766357422,13.552022933959961,18.71431541442871,27.941173553466797,9.859779357910156,24.08466148376465,47.92698669433594,68.11972045898438,37.07943344116211,34.084598541259766,115743.0
2022-10-19,14.144718170166016,13.794024467468262,18.798612594604492,27.95061492919922,9.868622779846191,24.9365291595459,47.502342224121094,67.3150863647461,38.331729888916016,34.17335891723633,116274.0
2022-10-20,14.287210464477539,13.552022933959961,19.0140438079834,28.384981155395508,9.753665924072266,25.675756454467773,47.86907958984375,68.17652130126953,37.88918685913086,34.183223724365234,117171.0
2022-10-21,14.543696403503418,14.161864280700684,19.41680335998535,29.32926368713379,10.02779483795166,26.555788040161133,47.95594024658203,70.17391204833984,37.63496017456055,34.71579360961914,119929.0
2022-10-24,14.42020320892334,13.590742111206055,18.592548370361328,27.99782943725586,9.895151138305664,24.112825393676758,49.62556457519531,68.09132385253906,37.474891662597656,34.439640045166016,116013.0
2022-10-25,14.163716316223145,13.40682315826416,18.48015022277832,27.77120590209961,9.93936538696289,23.605924606323242,50.21427917480469,68.09132385253906,37.28656768798828,34.56785583496094,114626.0
2022-10-26,14.344206809997559,12.758261680603027,17.67462921142578,27.17630958557129,9.523752212524414,23.02862548828125,50.9574089050293,69.6059341430664,37.57846450805664,37.45754623413086,112764.0
2022-10-27,14.781183242797852,13.435861587524414,18.002458572387695,27.676774978637695,9.532594680786133,23.204631805419922,51.266239166259766,67.12577056884766,38.529457092285156,38.29586410522461,114641.0
2022-10-28,14.980671882629395,13.726263046264648,18.105491638183594,27.89396095275879,9.735980033874512,22.93006134033203,53.18679428100586,63.85040283203125,38.7083625793457,37.94081497192383,114539.0
2022-10-31,15.199159622192383,14.558743476867676,18.601913452148438,28.706037521362305,9.461851119995117,20.986957550048828,51.343448638916016,63.54747772216797,38.89667510986328,39.72591018676758,116037.0
2022-11-01,14.99967098236084,14.636183738708496,18.704944610595703,28.779403686523438,9.656394958496094,21.022157669067383,51.02496337890625,65.47862243652344,38.45413589477539,38.867881774902344,116929.0
2022-11-03,15.218158721923828,14.887864112854004,18.38521957397461,28.57154083251953,9.992423057556152,21.085519790649414,52.03832244873047,63.56642150878906,39.263893127441406,39.64701461791992,116896.0
2022-11-04,15.626636505126953,15.100825309753418,18.188335418701172,28.675472259521484,10.195808410644531,19.923879623413086,52.57878112792969,68.39424896240234,38.680110931396484,40.2387580871582,118155.0
2022-11-07,15.541141510009766,14.810423851013184,17.588308334350586,28.023544311523438,10.089694023132324,19.114253997802734,53.06133270263672,68.03453063964844,38.39763641357422,40.33738327026367,115342.0
2022-11-08,15.902120590209961,14.83946418762207,17.419551849365234,27.938508987426758,10.09853744506836,19.25505828857422,53.514930725097656,70.09819030761719,38.69894027709961,40.2387580871582,116160.0
2022-11-09,15.655134201049805,14.752344131469727,14.391288757324219,26.59685516357422,10.107379913330078,18.938243865966797,53.19644546508789,69.2462158203125,38.6518669128418,40.041507720947266,113580.0
2022-11-10,15.18966007232666,12.884102821350098,13.969393730163574,26.096099853515625,9.57680892944336,18.389108657836914,54.4124755859375,70.57150268554688,38.02101135253906,38.69035720825195,109775.0
2022-11-11,15.28465461730957,12.177460670471191,14.203776359558105,25.255203247070312,10.399194717407227,19.00160789489746,56.21721649169922,77.90791320800781,38.96258544921875,39.439903259277344,112253.0
2022-11-14,15.15166187286377,12.0709810256958,14.213152885437012,25.179616928100586,9.629866600036621,19.50146484375,55.72501754760742,78.86400604248047,38.0775032043457,40.100685119628906,113161.0
2022-11-16,14.66718864440918,12.003218650817871,14.260029792785645,24.820585250854492,8.975494384765625,19.114253997802734,56.55500030517578,78.04044342041016,36.96643829345703,38.1775016784668,110243.0
2022-11-17,14.629190444946289,11.277219772338867,14.569418907165527,24.971752166748047,8.957809448242188,19.121292114257812,55.918033599853516,78.66521453857422,36.542724609375,39.00595474243164,109703.0
2022-11-18,14.838179588317871,11.490178108215332,14.63504695892334,25.170169830322266,8.754423141479492,18.797441482543945,55.56094741821289,76.51636505126953,36.44856643676758,38.73966598510742,108880.0
2022-11-21,14.885677337646484,11.664419174194336,14.531917572021484,25.245756149291992,8.665995597839355,18.853763580322266,53.96852493286133,75.65492248535156,36.6839599609375,38.94678497314453,109748.0
2022-11-22,14.876177787780762,11.606340408325195,14.475666999816895,24.83003044128418,8.383023262023926,18.772415161132812,54.122947692871094,75.8631820678711,36.523895263671875,38.364898681640625,109037.0
2022-11-23,14.933174133300781,11.606340408325195,14.372536659240723,24.574926376342773,8.648308753967285,18.86092758178711,53.76585388183594,76.61102294921875,36.71220779418945,38.40434265136719,108683.0
2022-11-24,15.23715877532959,12.254900932312012,14.663174629211426,25.453617095947266,8.701366424560547,19.51268768310547,53.99748229980469,77.10327911376953,37.183006286621094,39.21306228637695,111831.0
2022-11-25,14.980671882629395,11.664419174194336,14.391288757324219,24.556032180786133,8.506823539733887,19.198877334594727,53.022727966308594,76.58263397216797,36.46739959716797,38.56214141845703,108977.0
2022-11-28,15.113664627075195,11.693459510803223,14.372536659240723,24.111961364746094,8.00278091430664,19.601200103759766,53.022727966308594,76.9612808227539,36.222591400146484,36.98414993286133,108782.0
2022-11-29,14.971172332763672,12.148421287536621,14.54129409790039,24.319826126098633,8.011624336242676,20.421939849853516,51.44961166381836,79.93370819091797,36.194339752197266,37.19126510620117,110910.0
2022-11-30,15.123164176940918,12.322661399841309,14.60692024230957,24.56547737121582,7.737495422363281,21.451889038085938,51.295196533203125,81.13593292236328,35.82712173461914,38.46351623535156,112486.0
2022-12-01,15.275155067443848,12.012899398803711,14.438162803649902,24.56325912475586,7.198081970214844,20.590917587280273,51.31449508666992,81.58084869384766,36.30732727050781,37.78300857543945,110926.0
2022-12-02,15.512641906738281,12.293620109558105,14.427814483642578,24.894174575805664,7.153867721557617,20.848403930664062,49.58696365356445,82.16776275634766,37.173587799072266,38.128196716308594,111924.0
2022-12-05,15.218158721923828,11.761219024658203,13.892755508422852,24.16615867614746,6.897424697875977,20.615055084228516,50.677528381347656,82.08255767822266,36.26966857910156,37.0827751159668,109401.0
2022-12-06,15.24665641784668,11.790258407592773,14.221298217773438,24.72398567199707,7.012381553649902,20.631147384643555,51.43996047973633,83.27532196044922,36.222591400146484,37.19126510620117,109533.0
2022-12-07,15.199159622192383,11.858019828796387,14.06171989440918,24.54434585571289,7.118495941162109,20.39780044555664,51.19868469238281,80.3123550415039,36.12842559814453,36.74745178222656,109361.0
2022-12-08,14.914175033569336,11.364338874816895,13.658082008361816,23.683971405029297,6.738253116607666,19.939151763916016,51.2469367980957,81.2968521118164,34.960872650146484,36.68828201293945,107245.0
2022-12-09,14.733685493469238,11.364338874816895,13.423406600952148,23.458532333374023,6.6851959228515625,19.88282585144043,53.07098388671875,84.00422668457031,35.40341567993164,36.58965301513672,107689.0
2022-12-12,14.47719955444336,11.083619117736816,13.273215293884277,23.236764907836914,6.7913103103637695,19.23910903930664,52.97447204589844,81.49564361572266,35.318668365478516,35.573822021484375,105264.0
2022-12-13,14.515196800231934,11.025540351867676,12.878959655761719,22.359363555908203,6.46412467956543,18.764366149902344,49.56766128540039,81.83950805664062,35.00795364379883,35.29767608642578,103892.0
2022-12-14,14.372705459594727,11.403059005737305,13.151183128356934,22.455781936645508,6.33148193359375,17.275768280029297,50.667877197265625,82.53290557861328,35.196266174316406,36.550209045410156,103803.0
2022-12-15,14.249212265014648,11.16105842590332,12.99160385131836,22.58112335205078,6.75593900680542,17.734418869018555,49.96335220336914,82.79885864257812,34.98911666870117,36.5699348449707,103738.0
2022-12-16,14.106719970703125,10.996498107910156,12.97282886505127,22.83180809020996,6.844367504119873,17.742464065551758,49.63521957397461,81.38357543945312,34.70664978027344,36.934844970703125,102825.0
2022-12-19,14.467700004577637,11.703140258789062,13.329537391662598,23.516380310058594,6.95048189163208,18.007999420166016,48.83000183105469,81.08912658691406,34.716060638427734,37.650272369384766,104530.0
2022-12-20,14.520000457763672,12.216179847717285,13.808272361755371,23.76706314086914,6.840000152587891,18.56320571899414,48.540000915527344,81.45006561279297,35.544654846191406,37.956451416015625,106979.0
2022-12-21,14.350000381469727,12.158101081848145,13.920917510986328,23.863483428955078,6.96999979019165,18.96552848815918,48.40999984741211,81.91549682617188,35.572898864746094,37.926822662353516,107313.0
2022-12-22,14.420000076293945,11.925779342651367,13.967852592468262,23.911691665649414,7.440000057220459,19.30348014831543,48.13999938964844,81.45006561279297,35.7800407409668,38.46016311645508,107317.0
2022-12-23,14.619999885559082,12.948260307312012,14.211915016174316,24.2877254486084,7.909999847412109,20.21273422241211,46.84000015258789,81.99148559570312,36.21317672729492,38.02558517456055,109698.0
2022-12-26,14.520000457763672,13.016153335571289,13.873982429504395,23.805633544921875,7.929999828338623,20.067895889282227,46.18000030517578,82.74186706542969,35.365753173828125,37.71940612792969,108738.0
2022-12-27,14.520000457763672,12.560297012329102,13.808272361755371,23.67064666748047,7.949999809265137,20.20468521118164,47.5,84.71757507324219,35.22451400756836,37.5416259765625,108347.0
2022-12-28,14.550000190734863,12.996753692626953,14.230688095092773,24.15273666381836,8.350000381469727,19.955245971679688,48.130001068115234,84.52759552001953,35.65763854980469,38.223121643066406,110237.0
2022-12-29,14.520000457763672,12.812471389770508,14.221298217773438,24.104530334472656,8.699999809265137,19.713851928710938,48.2400016784668,84.42311096191406,36.109596252441406,38.035465240478516,110031.0
2023-01-02,14.1899995803833,11.939186096191406,13.845821380615234,23.629480361938477,8.359999656677246,18.442508697509766,48.97999954223633,84.91703796386719,35.210636138916016,37.630516052246094,106376.0
2023-01-03,14.170000076293945,11.539589881896973,13.158723831176758,23.13739776611328,8.1899995803833,17.975814819335938,49.849998474121094,84.76506042480469,34.50429153442383,36.69221878051758,104166.0
2023-01-04,14.25,11.62730598449707,13.196319580078125,23.204938888549805,8.350000381469727,18.54711151123047,49.95000076293945,84.91703796386719,35.25901412963867,36.93914031982422,105334.0
2023-01-05,14.289999961853027,11.987918853759766,13.76966381072998,23.928586959838867,8.470000267028809,19.214969635009766,50.2599983215332,86.3418197631836,36.20724868774414,37.01815414428711,107518.0
2023-01-06,14.319999694824219,12.270560264587402,14.155029296875,24.343475341796875,8.449999809265137,19.102317810058594,49.939998626708984,87.70960998535156,36.981327056884766,37.561378479003906,108836.0
2023-01-09,14.399999618530273,12.104873657226562,14.334359169006348,24.517154693603516,8.34000015258789,19.206924438476562,50.61000061035156,87.80460357666016,36.865211486816406,37.452728271484375,109227.0
2023-01-10,14.539999961853027,12.533709526062012,14.764586448669434,24.989933013916016,8.579999923706055,19.38394546508789,49.97999954223633,88.88743591308594,37.25225067138672,37.0872917175293,110912.0
2023-01-11,14.289999961853027,13.108738899230957,15.05792236328125,25.424123764038086,8.640000343322754,19.53683090209961,49.25,88.57398223876953,37.5618782043457,38.124351501464844,111763.0
2023-01-12,14.100000381469727,13.030768394470215,14.70591926574707,25.067123413085938,8.640000343322754,19.81845474243164,50.2599983215332,89.0394058227539,37.55220413208008,38.035465240478516,111877.0
2023-01-13,13.880000114440918,12.82609748840332,14.657031059265137,24.941692352294922,8.369999885559082,19.77017593383789,50.43000030517578,89.11540222167969,36.89424514770508,38.48979949951172,110916.0
2023-01-16,13.199999809265137,12.62142562866211,14.20724868774414,24.67152976989746,8.0600004196167,19.343713760375977,50.61000061035156,87.62413024902344,36.92326736450195,37.22556686401367,109213.0
2023-01-17,13.859999656677246,12.679903030395508,14.30502700805664,25.182910919189453,8.300000190734863,20.534591674804688,51.220001220703125,87.51013946533203,37.77474594116211,37.83792495727539,111439.0
2023-01-18,13.779999732971191,12.748127937316895,14.520140647888184,25.63639259338379,8.229999542236328,20.172500610351562,49.86000061035156,88.65946960449219,38.703636169433594,37.521873474121094,112452.0
2023-01-19,13.640000343322754,12.640918731689453,14.549474716186523,25.63639259338379,8.270000457763672,20.832307815551758,49.34000015258789,89.0394058227539,38.77136993408203,37.44285583496094,113006.0
2023-01-20,13.529999732971191,12.445993423461914,14.344138145446777,25.182910919189453,8.1899995803833,21.21854019165039,47.13999938964844,89.27687072753906,38.190818786621094,36.8700065612793,112301.0
2023-01-23,13.420000076293945,12.3290376663208,13.737910270690918,24.4110164642334,8.420000076293945,21.55649185180664,46.97999954223633,89.57133483886719,40.10663986206055,36.909515380859375,111709.0
2023-01-24,13.609999656677246,12.514216423034668,13.884576797485352,24.632936477661133,8.399999618530273,21.403610229492188,47.5099983215332,90.52118682861328,39.2841911315918,36.75148010253906,113028.0
2023-01-25,13.710000038146973,12.777366638183594,13.786800384521484,24.71977424621582,8.380000114440918,21.677188873291016,46.77000045776367,91.37604522705078,38.732666015625,38.24287796020508,114195.0
2023-01-26,13.739999771118164,12.787113189697266,13.825911521911621,24.575044631958008,8.300000190734863,21.12198257446289,45.400001525878906,93.08580017089844,38.91651153564453,37.739158630371094,114109.0
2023-01-27,13.649999618530273,12.3875150680542,13.415238380432129,24.054019927978516,8.029999732971191,20.615055084228516,45.08000183105469,90.5401840209961,39.10034942626953,37.44285583496094,112502.0
2023-01-30,13.529999732971191,12.543456077575684,13.483687400817871,24.063669204711914,7.789999961853027,20.71965980529785,46.279998779296875,90.21723937988281,39.26484298706055,36.8897590637207,111888.0
2023-01-31,13.65999984741211,12.631172180175781,13.708575248718262,24.439964294433594,7.699999809265137,20.97714614868164,46.36000061035156,89.77080535888672,40.46465301513672,37.76879119873047,113532.0
2023-02-01,13.180000305175781,12.582441329956055,13.444574356079102,24.119064331054688,8.109999656677246,20.68747329711914,46.75,88.77345275878906,38.93586349487305,37.91694259643555,112303.0
2023-02-02,13.109999656677246,12.670157432556152,13.649189949035645,24.34113883972168,7.78000020980835,19.729944229125977,45.02000045776367,84.67008209228516,38.23919677734375,37.57125473022461,109935.0
2023-02-03,12.979999542236328,11.802738189697266,13.345657348632812,24.25424575805664,7.699999809265137,19.94719886779785,46.310001373291016,84.4896011352539,37.68767166137695,37.44285583496094,108490.0
2023-02-06,13.020000457763672,11.802738189697266,13.296701431274414,24.263898849487305,7.179999828338623,20.743799209594727,45.959999084472656,83.43525695800781,37.34900665283203,37.1070442199707,108456.0
2023-02-07,12.960000038146973,11.5883207321167,13.218369483947754,23.703887939453125,6.809999942779541,20.615055084228516,46.060001373291016,83.9861831665039,37.116790771484375,37.205814361572266,107920.0
2023-02-08,13.1899995803833,11.812484741210938,13.864599227905273,25.663925170898438,7.010000228881836,20.9610538482666,45.95000076293945,84.2711410522461,37.53285217285156,37.19594192504883,109882.0
2023-02-09,13.020000457763672,11.354409217834473,13.512109756469727,25.026674270629883,6.71999979019165,20.8644962310791,46.29999923706055,83.95768737792969,37.21354675292969,37.511993408203125,107783.0
2023-02-10,12.859999656677246,11.500603675842285,12.405684471130371,24.91080665588379,6.619999885559082,21.500165939331055,46.400001525878906,82.44742584228516,37.81345748901367,38.124351501464844,108150.0
2023-02-13,13.130000114440918,11.617560386657715,12.846295356750488,25.789443969726562,6.699999809265137,21.564538955688477,46.709999084472656,82.36193084716797,38.0069694519043,38.10460662841797,108846.0
2023-02-14,13.0,11.149737358093262,12.963791847229004,25.47081756591797,6.579999923706055,21.48407554626465,46.95000076293945,82.73237609863281,38.24886703491211,37.88731002807617,107659.0
2023-02-15,13.229999542236328,11.295931816101074,13.472945213317871,25.84737777709961,6.840000152587891,21.516258239746094,48.18000030517578,84.53709411621094,38.38432693481445,38.40090560913086,109442.0
2023-02-16,13.079999923706055,11.081513404846191,13.727520942687988,26.040483474731445,6.760000228881836,21.60477066040039,47.7599983215332,84.71757507324219,39.1680793762207,38.3021354675293,109905.0
2023-02-17,13.199999809265137,10.750141143798828,13.649189949035645,25.953584671020508,6.579999923706055,21.27486801147461,46.959999084472656,83.61573791503906,40.22275924682617,39.13178634643555,109303.0
2023-02-22,13.210000038146973,10.574708938598633,13.512109756469727,25.47081756591797,6.269999980926514,20.727706909179688,46.040000915527344,82.97933197021484,38.423030853271484,38.14469528198242,107152.0
2023-02-23,13.25,10.50648307800293,13.453362464904785,25.56736946105957,6.289999961853027,21.36337661743164,46.150001525878906,82.58988952636719,38.219844818115234,38.97911071777344,107720.0
2023-02-24,13.319999694824219,10.160999298095703,13.022541999816895,24.78528594970703,6.300000190734863,20.840354919433594,46.150001525878906,80.77567291259766,37.99729537963867,38.60163879394531,105873.0
2023-02-27,13.399999618530273,10.327251434326172,12.895252227783203,24.46666145324707,6.449999809265137,21.04151725769043,46.34000015258789,80.77567291259766,38.15211486816406,38.54203414916992,105711.0
2023-02-28,13.390000343322754,10.317472457885742,12.807129859924316,24.553560256958008,6.369999885559082,20.309289932250977,47.7400016784668,81.0416259765625,37.67799377441406,38.89963912963867,104932.0
2023-03-01,13.470000267028809,10.268574714660645,12.709217071533203,24.15514373779297,6.570000171661377,20.357568740844727,46.77000045776367,84.72706604003906,37.64288330078125,39.11817932128906,104385.0
2023-03-02,13.130000114440918,10.35659122467041,12.54151439666748,23.36285400390625,6.650000095367432,19.826499938964844,46.70000076293945,84.53709411621094,37.37150955200195,38.89963912963867,103326.0
2023-03-03,13.109999656677246,10.28813362121582,12.610153198242188,23.3918399810791,6.769999980926514,20.67943000793457,48.20000076293945,84.82205963134766,36.98383712768555,38.58176803588867,103866.0
2023-03-06,13.5,10.718436241149902,13.031800270080566,23.923255920410156,6.920000076293945,20.888635635375977,47.779998779296875,81.83000946044922,37.516883850097656,39.1678466796875,104700.0
2023-03-07,13.430000305175781,10.806452751159668,13.335779190063477,23.990886688232422,6.949999809265137,20.196638107299805,47.75,81.05113220214844,38.011173248291016,39.326786041259766,104228.0
2023-03-08,13.619999885559082,11.393226623535156,13.7476167678833,24.2904109954834,6.989999771118164,20.454126358032227,47.439998626708984,81.7920150756836,37.83671188354492,39.89299392700195,106540.0
2023-03-09,13.600000381469727,11.324769973754883,13.698590278625488,23.826631546020508,7.03000020980835,20.36561393737793,46.470001220703125,80.71868133544922,38.175926208496094,39.59498596191406,105071.0
2023-03-10,13.510000228881836,11.011823654174805,13.306360244750977,23.256574630737305,6.829999923706055,20.100080490112305,45.06999969482422,80.45272064208984,37.759178161621094,39.27711486816406,103618.0
2023-03-13,13.609999656677246,11.099839210510254,13.15927505493164,22.976375579833984,6.829999923706055,19.46441078186035,44.58000183105469,80.7851791381836,37.86579132080078,39.52545928955078,103121.0
2023-03-14,13.949999809265137,11.187854766845703,13.080829620361328,22.899078369140625,6.78000020980835,19.118412017822266,44.970001220703125,81.5206298828125,38.214698791503906,39.99232482910156,102932.0
2023-03-15,14.020000457763672,11.285652160644531,13.26713752746582,22.841102600097656,6.869999885559082,18.780460357666016,44.220001220703125,79.0647201538086,38.844661712646484,39.803592681884766,102675.0
2023-03-16,14.260000228881836,11.598599433898926,13.639753341674805,23.217924118041992,7.099999904632568,18.716089248657227,43.9900016784668,79.3559341430664,38.931884765625,40.03206253051758,103435.0
2023-03-17,14.220000267028809,11.050941467285156,13.071022987365723,22.55124282836914,7.329999923706055,18.91724967956543,43.59000015258789,80.30723571777344,37.565345764160156,39.60491943359375,101982.0
2023-03-20,14.119999885559082,10.933588027954102,12.845491409301758,22.609214782714844,7.139999866485596,18.4505558013916,43.22999954223633,80.96732330322266,37.778560638427734,39.4887809753418,100923.0
2023-03-21,13.949999809265137,10.923807144165039,12.88471508026123,23.072994232177734,7.03000020980835,18.828739166259766,42.95000076293945,80.2878189086914,37.25520324707031,39.74739456176758,100998.0
2023-03-22,13.949999809265137,10.796672821044922,12.767046928405762,22.937725067138672,6.730000019073486,18.772415161132812,42.880001068115234,79.2879867553711,37.138912200927734,39.30973815917969,100221.0
2023-03-23,13.779999732971191,10.190338134765625,12.325788497924805,22.36766242980957,6.369999885559082,18.345951080322266,42.2400016784668,77.2494888305664,37.34243392944336,39.67776870727539,97926.0
2023-03-24,13.890000343322754,10.327251434326172,12.463068008422852,22.692113876342773,6.599999904632568,18.33790397644043,42.630001068115234,76.36613464355469,37.92394256591797,40.29446792602539,98829.0
2023-03-27,13.930000305175781,10.35659122467041,12.688600540161133,23.08302116394043,6.599999904632568,18.651718139648438,41.9900016784668,76.23994445800781,38.10808563232422,40.970848083496094,99670.0
2023-03-28,14.59000015258789,10.44460678100586,12.668988227844238,23.19051742553711,6.639999866485596,18.98162269592285,42.279998779296875,77.04563903808594,38.50544738769531,41.1498908996582,101185.0
2023-03-29,14.8100004196167,10.356317520141602,12.737629890441895,23.415292739868164,6.619999885559082,19.231061935424805,43.06999969482422,78.15225219726562,38.59267044067383,41.50797653198242,101793.0
2023-03-30,14.819999694824219,10.621864318847656,13.1200532913208,24.060287475585938,6.78000020980835,19.28738784790039,43.04999923706055,79.42388153076172,38.83496856689453,41.63728713989258,103713.0
2023-03-31,14.329999923706055,10.17928695678711,12.914132118225098,24.17755699157715,6.639999866485596,18.86897087097168,41.599998474121094,77.93869018554688,37.46842956542969,40.33425521850586,101882.0
2023-04-03,14.329999923706055,10.405492782592773,12.590543746948242,23.500465393066406,6.300000190734863,19.7058048248291,42.7400016784668,77.9581069946289,37.11260986328125,39.379364013671875,101506.0
2023-04-04,14.430000305175781,10.651369094848633,12.874321937561035,23.96988868713379,6.369999885559082,19.52878189086914,42.349998474121094,75.75458526611328,37.969356536865234,39.419151306152344,101869.0
2023-04-05,14.399999618530273,10.612029075622559,12.982345581054688,23.950326919555664,6.269999980926514,19.593154907226562,40.97999954223633,74.63825988769531,37.8135871887207,38.54383087158203,100978.0
2023-04-06,14.430000305175781,10.523513793945312,12.795761108398438,23.872093200683594,6.300000190734863,19.311527252197266,40.36000061035156,74.50236511230469,38.26142883300781,38.40457534790039,100822.0
2023-04-10,14.460000038146973,10.730050086975098,12.94306468963623,24.126365661621094,6.409999847412109,19.72189712524414,41.13999938964844,75.93902587890625,38.524295806884766,38.18574905395508,101847.0
2023-04-11,14.779999732971191,11.4381742477417,13.620659828186035,24.908735275268555,6.75,20.647239685058594,42.54999923706055,79.94807434082031,39.11817169189453,38.88202667236328,106214.0
2023-04-12,14.760000228881836,11.664380073547363,13.551918983459473,25.07498550415039,6.809999942779541,20.80012321472168,42.20000076293945,78.23960876464844,39.31289291381836,39.528564453125,106890.0
2023-04-13,14.59000015258789,11.54636001586914,13.561738967895508,25.07498550415039,6.329999923706055,20.944961547851562,41.310001373291016,77.18153381347656,39.76073455810547,39.1605339050293,106458.0
2023-04-14,14.649999618530273,11.772566795349121,13.542099952697754,25.43683433532715,6.139999866485596,21.162214279174805,40.4900016784668,76.50202941894531,39.85686492919922,38.55377960205078,106279.0
2023-04-17,14.75,11.821742057800293,13.483177185058594,25.3879337310791,6.230000019073486,21.49212074279785,40.459999084472656,75.58956146240234,40.26095199584961,39.26994705200195,106016.0
2023-04-18,14.630000114440918,11.693885803222656,13.394794464111328,25.36837387084961,6.360000133514404,22.03927993774414,41.16999816894531,76.23994445800781,40.241241455078125,39.061065673828125,106163.0
2023-04-19,14.579999923706055,11.398834228515625,13.149290084838867,24.9674129486084,6.21999979019165,21.33119010925293,41.189998626708984,74.01700592041016,40.10325622558594,38.90191650390625,103913.0
2023-04-20,14.600000381469727,11.467679023742676,13.267131805419922,25.035869598388672,6.349999904632568,21.47602653503418,40.29999923706055,72.47357177734375,40.191959381103516,40.035850524902344,104367.0
2023-04-24,14.34000015258789,11.56602954864502,13.159110069274902,24.810941696166992,6.329999923706055,21.886398315429688,39.66999816894531,69.8526382446289,39.758304595947266,40.135318756103516,103947.0
2023-04-25,14.289999961853027,11.605369567871094,13.453716278076172,25.035869598388672,6.329999923706055,21.79788589477539,38.79999923706055,67.95003509521484,39.80758285522461,40.32430648803711,103220.0
2023-04-26,14.210000038146973,11.064441680908203,13.257311820983887,24.781599044799805,6.179999828338623,21.524307250976562,38.2599983215332,68.21212768554688,39.66960144042969,39.8965950012207,102312.0
2023-04-27,14.15999984741211,11.290647506713867,13.512638092041016,25.221681594848633,6.300000190734863,21.001285552978516,38.0,69.65849304199219,40.655181884765625,40.135318756103516,102923.0
2023-04-28,14.15999984741211,11.487349510192871,13.601018905639648,25.348814010620117,6.510000228881836,21.42664909362793,39.79999923706055,70.27975463867188,40.52705764770508,40.901222229003906,104432.0
2023-05-02,14.260000228881836,11.143122673034668,13.404614448547363,24.367887496948242,6.380000114440918,20.558734893798828,40.68000030517578,67.50350952148438,40.51720428466797,40.60281753540039,101927.0
2023-05-03,14.579999923706055,11.32015323638916,13.521614074707031,24.32874298095703,6.550000190734863,20.486406326293945,40.099998474121094,66.97932434082031,40.50734329223633,39.68771743774414,101797.0
2023-05-04,14.630000114440918,11.634875297546387,13.836297988891602,24.524465560913086,6.670000076293945,20.81187629699707,39.599998474121094,64.90199279785156,40.32994079589844,39.090904235839844,102174.0
2023-05-05,14.489999771118164,12.283988952636719,14.52467155456543,25.434595108032227,6.730000019073486,21.697872161865234,41.61000061035156,67.01815032958984,40.80302047729492,39.01133346557617,105148.0
2023-05-08,14.510000228881836,12.23481273651123,15.065535545349121,25.786901473999023,6.690000057220459,22.158950805664062,41.869998931884766,67.92091369628906,40.60590362548828,38.99143981933594,106042.0
2023-05-09,14.5,12.352834701538086,14.918027877807617,25.9434814453125,6.679999828338623,22.231279373168945,41.5,68.61983489990234,40.389076232910156,39.647926330566406,107114.0
2023-05-10,14.399999618530273,12.342999458312988,14.947528839111328,26.325143814086914,6.699999809265137,22.177034378051758,41.689998626708984,67.32878112792969,40.862152099609375,39.1406364440918,107448.0
2023-05-11,14.5,12.569205284118652,15.144207000732422,26.57958984375,6.71999979019165,22.990703582763672,41.56999969482422,66.01831817626953,41.147972106933594,39.110801696777344,108256.0
2023-05-12,14.449999809265137,12.618380546569824,15.213045120239258,26.334932327270508,6.559999942779541,23.73204803466797,42.439998626708984,66.08626556396484,41.01984786987305,38.70298385620117,108464.0
2023-05-15,14.619999885559082,12.785577774047852,15.449058532714844,26.432796478271484,6.610000133514404,23.198640823364258,42.90999984741211,67.03755950927734,41.276100158691406,39.42909622192383,109029.0
2023-05-16,14.600000381469727,12.598711013793945,15.458891868591309,26.344722747802734,6.21999979019165,23.777250289916992,43.709999084472656,65.65914916992188,41.0395622253418,39.4887809753418,108194.0
2023-05-17,14.5600004196167,13.100298881530762,15.390055656433105,26.608949661254883,6.289999961853027,23.198640823364258,43.72999954223633,67.83354949951172,40.76359558105469,39.250057220458984,109460.0
2023-05-18,14.550000190734863,13.267494201660156,15.439224243164062,26.51108741760254,6.559999942779541,23.334253311157227,45.349998474121094,67.93062591552734,40.9705696105957,39.090904235839844,110108.0
2023-05-19,14.579999923706055,13.33634090423584,15.812912940979004,26.29578971862793,6.909999847412109,23.2980899810791,45.41999816894531,67.18317413330078,41.0789794921875,39.9164924621582,110745.0
2023-05-22,14.619999885559082,13.169145584106445,15.655570030212402,25.796689987182617,6.949999809265137,23.162477493286133,45.18000030517578,66.10567474365234,41.09869384765625,40.145267486572266,110213.0
2023-05-23,14.59000015258789,12.99211311340332,15.783411026000977,26.002197265625,6.590000152587891,23.73204803466797,45.86000061035156,64.61077880859375,41.088836669921875,40.00601577758789,109929.0
2023-05-24,14.65999984741211,12.6478853225708,15.301549911499023,25.855403900146484,6.429999828338623,24.093677520751953,44.59000015258789,63.14500045776367,40.625614166259766,39.60813903808594,108800.0
2023-05-25,14.739999771118164,12.962608337402344,15.852248191833496,26.667667388916016,6.429999828338623,23.912864685058594,44.119998931884766,62.95085525512695,41.552059173583984,38.83229064941406,110054.0
2023-05-26,14.760000228881836,13.434691429138184,15.852248191833496,26.462158203125,6.420000076293945,24.229290008544922,45.349998474121094,64.38751220703125,41.266239166259766,39.29978942871094,110906.0
2023-05-29,14.760000228881836,13.306835174560547,15.871915817260742,26.344722747802734,6.389999866485596,24.12984275817871,45.380001068115234,63.902156829833984,41.19725036621094,38.67314147949219,110333.0
2023-05-30,14.479999542236328,13.129804611206055,15.439224243164062,25.97283935546875,6.25,23.858617782592773,45.119998931884766,62.397544860839844,40.448211669921875,38.136016845703125,108967.0
2023-05-31,14.40999984741211,13.100298881530762,15.252381324768066,25.7673282623291,6.639999866485596,23.614517211914062,44.779998779296875,61.941314697265625,39.42321014404297,37.40989685058594,108335.0
2023-06-01,14.239999771118164,14.06413459777832,15.517895698547363,26.146947860717773,6.650000095367432,24.37394142150879,45.0,63.25178146362305,40.168731689453125,36.992130279541016,110565.0
2023-06-02,14.460000038146973,14.18215560913086,15.536578178405762,26.52886962890625,6.690000057220459,24.572839736938477,46.41999816894531,65.95036315917969,40.88178253173828,37.469573974609375,112558.0
2023-06-05,14.40999984741211,14.22149658203125,16.078094482421875,26.58762550354004,6.789999961853027,24.83502197265625,46.810001373291016,65.4067611694336,40.87187957763672,37.42979431152344,112696.0
2023-06-06,14.819999694824219,14.172320365905762,16.334081649780273,26.773691177368164,7.079999923706055,25.359386444091797,46.939998626708984,65.62032318115234,42.149436950683594,37.996761322021484,114610.0
2023-06-07,14.850000381469727,14.496877670288086,16.324235916137695,26.852035522460938,7.0,26.100732803344727,45.83000183105469,66.65898132324219,42.020687103271484,37.94702911376953,115488.0
2023-06-09,15.140000343322754,14.457537651062012,16.599918365478516,27.224159240722656,7.139999866485596,27.3754825592041,45.2400016784668,66.35806274414062,43.0506591796875,37.59888458251953,117019.0
2023-06-12,15.15999984741211,14.654237747192383,16.462078094482422,26.930376052856445,7.260000228881836,27.854642868041992,46.70000076293945,65.15438079833984,43.397281646728516,37.54915237426758,117336.0
2023-06-13,15.270000457763672,14.36902141571045,16.481769561767578,27.23395538330078,7.349999904632568,27.800291061401367,47.04999923706055,65.84358978271484,42.505958557128906,37.15127944946289,116743.0
2023-06-14,15.329999923706055,14.968960762023926,16.590072631835938,27.6060848236084,7.389999866485596,28.99475860595703,46.650001525878906,66.99873352050781,43.98158645629883,37.668514251708984,119069.0
2023-06-15,15.1899995803833,14.46737289428711,16.639299392700195,27.968420028686523,7.539999961853027,28.310829162597656,48.34000015258789,67.52291870117188,43.664676666259766,37.638675689697266,119221.0
2023-06-16,15.069999694824219,14.378856658935547,16.68853187561035,28.056554794311523,7.230000019073486,28.55164909362793,48.29999923706055,67.62969970703125,42.58518981933594,37.648616790771484,118758.0
2023-06-19,15.109999656677246,14.555888175964355,16.983901977539062,28.4384765625,7.480000019073486,29.303009033203125,47.70000076293945,67.36760711669922,42.8228759765625,37.469573974609375,119858.0
2023-06-20,15.140000343322754,14.487042427062988,17.023284912109375,28.424938201904297,7.739999771118164,29.447500228881836,47.439998626708984,65.6300277709961,42.71393585205078,36.75341033935547,119622.0
2023-06-21,15.279999732971191,14.398527145385742,16.983901977539062,28.701675415039062,7.639999866485596,30.68050193786621,46.47999954223633,64.96994018554688,43.0506591796875,36.256072998046875,120420.0
2023-06-22,15.550000190734863,13.965784072875977,16.540842056274414,28.424938201904297,7.559999942779541,30.295188903808594,45.86000061035156,64.6204833984375,42.060306549072266,36.206336975097656,118934.0
2023-06-23,15.489999771118164,14.191990852355957,16.334081649780273,28.33598518371582,7.449999809265137,29.052555084228516,45.939998626708984,63.97010803222656,42.307891845703125,36.405269622802734,118977.0
2023-06-26,15.34000015258789,13.818259239196777,16.25531768798828,28.296451568603516,7.239999771118164,29.70758819580078,45.61000061035156,64.10601043701172,41.89194107055664,36.264095306396484,118243.0
2023-06-27,15.380000114440918,13.828094482421875,16.312015533447266,27.980178833007812,7.190000057220459,29.47640037536621,44.84000015258789,64.87287139892578,41.94145584106445,36.36372375488281,117523.0
2023-06-28,15.220000267028809,13.833402633666992,16.04296875,27.822046279907227,6.960000038146973,29.75575065612793,44.16999816894531,62.82466506958008,42.33760070800781,36.443424224853516,116681.0
2023-06-29,15.220000267028809,14.517635345458984,16.112720489501953,28.158082962036133,7.139999866485596,29.89061164855957,44.04999923706055,63.591529846191406,42.68422317504883,36.70245361328125,118383.0
2023-06-30,15.40999984741211,14.487885475158691,16.39173126220703,28.088899612426758,7.269999980926514,28.445690155029297,44.220001220703125,62.33930587768555,42.85258483886719,37.60905456542969,118087.0
2023-07-03,15.40999984741211,14.805212020874023,16.600984573364258,28.640392303466797,7.199999809265137,28.975494384765625,44.220001220703125,64.29044342041016,42.5257682800293,37.549278259277344,119673.0
2023-07-04,15.140000343322754,14.616799354553223,16.500205993652344,28.462379455566406,7.119999885559082,29.042922973632812,44.72999954223633,63.97010803222656,42.4366340637207,37.051143646240234,119076.0
2023-07-05,15.210000038146973,14.60688304901123,16.530132293701172,28.709623336791992,7.46999979019165,29.004392623901367,44.45000076293945,63.40708923339844,42.53567123413086,37.359989166259766,119549.0
2023-07-06,14.829999923706055,14.061480522155762,16.131093978881836,28.284366607666016,7.289999961853027,28.561283111572266,44.11000061035156,62.95085525512695,41.99098205566406,36.75226593017578,117426.0
2023-07-07,14.850000381469727,14.239974975585938,16.240829467773438,28.81840705871582,7.489999771118164,28.416790008544922,44.5099983215332,63.542991638183594,41.70377731323242,36.861854553222656,118898.0
2023-07-10,15.010000228881836,13.962315559387207,16.250804901123047,28.630502700805664,7.519999980926514,28.464954376220703,44.029998779296875,62.5722770690918,41.525508880615234,36.15450668334961,117942.0
2023-07-11,14.630000114440918,13.813570022583008,16.260780334472656,28.12613296508789,7.400000095367432,28.079641342163086,44.04999923706055,64.63019561767578,40.782745361328125,35.81577682495117,117220.0
2023-07-12,14.6899995803833,14.130894660949707,16.111141204833984,27.9580078125,7.550000190734863,28.098907470703125,44.18000030517578,65.08643341064453,40.891685485839844,35.92536544799805,117666.0
2023-07-13,14.760000228881836,14.438304901123047,16.51017951965332,28.26458740234375,7.53000020980835,28.542016983032227,44.369998931884766,66.60074615478516,40.75303649902344,35.92536544799805,119264.0
2023-07-14,14.739999771118164,14.3292236328125,16.390470504760742,27.967899322509766,7.400000095367432,27.983312606811523,44.54999923706055,66.60074615478516,40.089500427246094,35.8655891418457,117711.0
2023-07-17,14.819999694824219,14.468053817749023,16.560060501098633,28.511829376220703,7.349999904632568,27.92551612854004,44.400001525878906,65.86299896240234,40.21824645996094,35.1682014465332,118219.0
2023-07-18,14.670000076293945,14.587050437927246,16.530132293701172,27.9580078125,7.21999979019165,27.771392822265625,44.56999969482422,65.44558715820312,39.85181427001953,35.80581283569336,117841.0
2023-07-19,14.630000114440918,14.477970123291016,16.470277786254883,27.661319732666016,7.21999979019165,28.031478881835938,43.470001220703125,65.27085876464844,39.901336669921875,37.76845932006836,117552.0
2023-07-20,14.920000076293945,14.487885475158691,16.480253219604492,28.175580978393555,7.139999866485596,28.060375213623047,43.650001525878906,65.41647338867188,40.30738067626953,38.01752471923828,118083.0
2023-07-21,15.300000190734863,15.043205261230469,17.018953323364258,28.67995262145996,7.21999979019165,28.590181350708008,44.060001373291016,65.81446838378906,40.70351791381836,38.74479675292969,120217.0
2023-07-24,15.119999885559082,14.973791122436523,16.560060501098633,28.22502899169922,6.940000057220459,29.187414169311523,45.02000045776367,67.80442810058594,40.82236099243164,41.540000915527344,121342.0
2023-07-25,15.029999732971191,14.864709854125977,16.500205993652344,28.284366607666016,6.829999923706055,29.861711502075195,45.22999954223633,69.90117645263672,40.98081970214844,40.5,122008.0
2023-07-26,14.979999542236328,14.825043678283691,16.6697940826416,28.442602157592773,6.909999847412109,29.861711502075195,46.470001220703125,69.65849304199219,43.08036422729492,40.47999954223633,122560.0
2023-07-27,14.699999809265137,14.477970123291016,16.290708541870117,27.80966567993164,6.809999942779541,28.310829162597656,47.20000076293945,68.35773468017578,41.80280685424805,40.349998474121094,119990.0
2023-07-28,14.960000038146973,14.596966743469238,16.470277786254883,28.22502899169922,7.090000152587891,28.66724395751953,47.209999084472656,65.6494369506836,41.961265563964844,40.31999969482422,120187.0
2023-07-31,14.859999656677246,14.77546215057373,16.619915008544922,28.323925018310547,7.420000076293945,29.967674255371094,48.06999969482422,67.13463592529297,41.70377731323242,39.91999816894531,121943.0
2023-08-01,14.979999542236328,14.616799354553223,16.580013275146484,28.410659790039062,7.449999809265137,29.47640037536621,48.380001068115234,66.20274353027344,42.23596954345703,39.86000061035156,121248.0
2023-08-02,15.050000190734863,14.646549224853516,16.64889907836914,28.32159996032715,7.519999980926514,29.40896987915039,47.88999938964844,65.12525177001953,42.42523193359375,40.029998779296875,120859.0
2023-08-03,14.630000114440918,14.745713233947754,16.529048919677734,28.103891372680664,7.599999904632568,29.784648895263672,49.63999938964844,65.532958984375,42.26585006713867,40.43000030517578,120586.0
2023-08-04,14.710000038146973,14.587050437927246,15.430442810058594,27.589313507080078,8.029999732971191,28.8984317779541,50.27000045776367,65.58148956298828,42.49496078491211,40.849998474121094,119508.0
2023-08-07,14.680000305175781,14.507719039916992,15.320582389831543,27.371606826782227,8.09000015258789,29.08145523071289,50.52000045776367,65.91153717041016,42.29573440551758,40.93000030517578,119380.0
2023-08-08,14.5,14.368888854980469,15.390493392944336,27.312232971191406,7.940000057220459,29.1103515625,49.75,65.48442077636719,42.524845123291016,40.65999984741211,119090.0
2023-08-09,14.380000114440918,14.180477142333984,15.31059455871582,27.21327781677246,7.755774974822998,29.34153938293457,49.29999923706055,64.89228057861328,42.14631652832031,40.779998779296875,118409.0
2023-08-10,14.369999885559082,14.150728225708008,15.440430641174316,27.302339553833008,7.83532190322876,29.50529670715332,49.349998474121094,64.12541961669922,42.42523193359375,40.2400016784668,118350.0
2023-08-11,14.359999656677246,14.081313133239746,15.350543975830078,27.351816177368164,7.855207920074463,29.437868118286133,50.16999816894531,63.591529846191406,42.34553909301758,39.79999923706055,118065.0
2023-08-14,14.329999923706055,13.992064476013184,15.270645141601562,26.95598793029785,7.676229000091553,29.514930725097656,50.91999816894531,61.900001525878906,42.31565856933594,39.310001373291016,116810.0
2023-08-15,14.199999809265137,13.902817726135254,15.31059455871582,26.807552337646484,7.63645601272583,29.726852416992188,50.040000915527344,61.290000915527344,41.95705032348633,39.349998474121094,116171.0
2023-08-16,14.180000305175781,13.694573402404785,15.230695724487305,26.787757873535156,7.566853046417236,30.381885528564453,49.90999984741211,61.04999923706055,41.767784118652344,37.61000061035156,115592.0
2023-08-17,14.220000267028809,13.3177490234375,15.07089900970459,26.47109603881836,7.2983832359313965,30.28555679321289,50.400001525878906,61.90999984741211,42.11642837524414,36.90999984741211,114982.0
2023-08-18,14.359999656677246,13.545825958251953,15.170771598815918,26.678905487060547,7.349999904632568,30.362619400024414,50.68000030517578,61.220001220703125,42.46508026123047,36.2599983215332,115409.0
2023-08-21,14.3100004196167,13.367330551147461,15.060911178588867,26.57005500793457,7.099999904632568,30.15069580078125,50.08000183105469,61.29999923706055,41.86739730834961,36.040000915527344,114429.0
2023-08-22,14.420000076293945,13.74415397644043,15.160784721374512,26.985675811767578,6.96999979019165,30.610000610351562,49.849998474121094,62.58000183105469,41.86739730834961,36.470001220703125,116156.0
2023-08-23,14.449999809265137,14.081313133239746,15.370519638061523,27.32213020324707,6.860000133514404,32.2400016784668,49.47999954223633,63.040000915527344,41.7578239440918,36.45000076293945,118135.0
2023-08-24,14.1899995803833,13.57557487487793,15.000988006591797,27.00546646118164,6.789999961853027,32.189998626708984,49.349998474121094,62.20000076293945,41.51875305175781,35.97999954223633,117026.0
2023-08-25,13.989999771118164,13.377246856689453,14.811227798461914,26.5799503326416,6.5,31.969999313354492,49.900001525878906,62.06999969482422,41.239837646484375,36.36000061035156,115837.0
2023-08-28,14.210000038146973,13.416913032531738,15.290620803833008,27.4804630279541,6.730000019073486,32.33000183105469,50.29999923706055,62.959999084472656,41.88732147216797,36.619998931884766,117121.0
2023-08-29,14.260000228881836,13.456578254699707,15.470392227172852,27.915874481201172,7.449999809265137,32.400001525878906,51.150001525878906,64.97000122070312,42.594573974609375,36.4900016784668,118404.0
2023-08-30,14.180000305175781,13.109504699707031,15.140810012817383,27.38150405883789,7.369999885559082,32.619998931884766,50.83000183105469,64.9800033569336,41.85743713378906,36.29999923706055,117535.0
2023-08-31,13.84000015258789,12.821928024291992,14.931076049804688,27.144006729125977,7.409999847412109,31.940000534057617,50.150001525878906,65.08000183105469,41.19002914428711,35.880001068115234,115742.0
2023-09-01,13.869999885559082,12.871509552001953,14.971025466918945,27.379329681396484,7.360000133514404,32.630001068115234,51.099998474121094,68.88999938964844,41.68000030517578,35.95000076293945,117893.0
2023-09-04,13.859999656677246,12.950841903686523,14.899999618530273,27.131776809692383,7.340000152587891,32.290000915527344,50.970001220703125,69.4000015258789,41.619998931884766,36.130001068115234,117777.0
2023-09-05,14.010000228881836,12.6632661819458,14.579999923706055,26.72579002380371,7.329999923706055,33.369998931884766,50.66999816894531,69.0999984741211,41.459999084472656,35.90999984741211,117331.0
2023-09-06,13.979999542236328,12.435187339782715,14.380000114440918,26.468334197998047,7.300000190734863,33.52000045776367,49.86000061035156,67.98999786376953,41.72999954223633,35.54999923706055,115985.0
2023-09-08,13.699999809265137,12.435187339782715,14.380000114440918,26.507944107055664,7.599999904632568,33.400001525878906,48.79999923706055,66.70999908447266,41.86000061035156,35.400001525878906,115313.0
2023-09-11,13.869999885559082,12.802095413208008,14.649999618530273,27.18128776550293,7.460000038146973,33.369998931884766,49.970001220703125,67.66999816894531,42.4900016784668,35.279998779296875,116883.0
2023-09-12,13.710000038146973,13.050004959106445,14.829999923706055,27.3397216796875,7.610000133514404,33.529998779296875,50.27000045776367,67.62000274658203,42.77000045776367,35.650001525878906,117968.0
2023-09-13,13.640000343322754,13.099587440490723,14.890000343322754,27.478349685668945,7.480000019073486,33.029998779296875,50.25,67.36000061035156,42.689998626708984,36.93000030517578,118176.0
2023-09-14,13.529999732971191,13.188835144042969,14.949999809265137,27.369426727294922,7.380000114440918,33.869998931884766,51.22999954223633,70.12000274658203,43.400001525878906,36.08000183105469,119392.0
2023-09-15,13.420000076293945,13.08967113494873,14.920000076293945,27.310014724731445,7.25,33.88999938964844,52.529998779296875,69.54000091552734,43.290000915527344,36.099998474121094,118758.0
2023-09-18,13.390000343322754,12.970674514770508,14.920000076293945,27.240699768066406,7.130000114440918,34.130001068115234,52.04999923706055,68.72000122070312,44.130001068115234,35.790000915527344,118288.0
2023-09-19,13.430000305175781,12.81201171875,14.75,27.15999984741211,7.420000076293945,34.209999084472656,52.779998779296875,68.8499984741211,44.459999084472656,35.97999954223633,117846.0
2023-09-20,13.470000267028809,13.020256042480469,14.8100004196167,27.6200008392334,7.289999961853027,34.290000915527344,54.88999938964844,69.30999755859375,44.79999923706055,35.790000915527344,118695.0
2023-09-21,13.239999771118164,12.484769821166992,14.260000228881836,26.989999771118164,7.139999866485596,33.7599983215332,56.0099983215332,67.5,44.310001373291016,34.97999954223633,116145.0
2023-09-22,13.119999885559082,12.329999923706055,14.149999618530273,26.920000076293945,7.039999961853027,34.029998779296875,55.380001068115234,68.0,43.779998779296875,34.59000015258789,116008.640625
